<?xml version="1.0" encoding="utf-8" standalone="yes" ?>
<T3locallang>
    <meta type="array">
        <description></description>
        <type>module</type>
        <csh_table></csh_table>
        <labelContext type="array">
        </labelContext>
    </meta>
    <data type="array">
        <languageKey index="default" type="array">
            <label index="mlang_labels_tablabel">FE User login and session information.</label>
            <label index="mlang_labels_tabdescr">Display FE User login and session information.</label>
            <label index="mlang_tabs_tab">User Track</label>
        </languageKey>
    </data>
    <orig_hash type="array">
        <languageKey index="default" type="array">
            <label index="mlang_labels_tablabel" type="integer">34903144</label>
            <label index="mlang_labels_tabdescr" type="integer">193121040</label>
            <label index="mlang_tabs_tab" type="integer">111882074</label>
        </languageKey>
    </orig_hash>
    <orig_text type="array">
        <languageKey index="default" type="array">
        </languageKey>
    </orig_text>
</T3locallang>